"Page URL","Image URL HTTP status code","Image URL","Referring pages","Is in sitemap"
https://top-5-pct.replit.app/,404,https://top-5-pct.replit.app/images/stickers-decals/top5pct-stickers-decals-joliet-labels.jpg,101,No
https://top-5-pct.replit.app/,404,https://top-5-pct.replit.app/images/custom-shirts/top5pct-custom-embroidery-shops-near-me-joliet.jpg,101,No
https://top-5-pct.replit.app/top5pct-merchandise,404,https://top-5-pct.replit.app/images/stickers-decals/top5pct-stickers-decals-joliet-labels.jpg,101,No
https://top-5-pct.replit.app/top5pct-merchandise,404,https://top-5-pct.replit.app/images/custom-shirts/top5pct-custom-embroidery-shops-near-me-joliet.jpg,101,No
https://top-5-pct.replit.app/top5pct-merchandise,404,https://top-5-pct.replit.app/images/custom-shirts/top5pct-foil-gold-t-shirt.jpg,101,No
https://top-5-pct.replit.app/reviews,404,https://top-5-pct.replit.app/images/stickers-decals/top5pct-stickers-decals-joliet-labels.jpg,101,No
https://top-5-pct.replit.app/reviews,404,https://top-5-pct.replit.app/images/custom-shirts/top5pct-custom-embroidery-shops-near-me-joliet.jpg,101,No
https://top-5-pct.replit.app/service-areas,404,https://top-5-pct.replit.app/images/stickers-decals/top5pct-stickers-decals-joliet-labels.jpg,101,No
https://top-5-pct.replit.app/service-areas,404,https://top-5-pct.replit.app/images/custom-shirts/top5pct-custom-embroidery-shops-near-me-joliet.jpg,101,No
https://top-5-pct.replit.app/custom-apparel,404,https://top-5-pct.replit.app/images/stickers-decals/top5pct-stickers-decals-joliet-labels.jpg,101,No
https://top-5-pct.replit.app/custom-apparel,404,https://top-5-pct.replit.app/images/custom-shirts/top5pct-custom-embroidery-shops-near-me-joliet.jpg,101,No
https://top-5-pct.replit.app/custom-apparel/printing-options/dtf-printing,404,https://top-5-pct.replit.app/images/stickers-decals/top5pct-stickers-decals-joliet-labels.jpg,101,No
https://top-5-pct.replit.app/custom-apparel/printing-options/dtf-printing,404,https://top-5-pct.replit.app/images/custom-shirts/top5pct-custom-embroidery-shops-near-me-joliet.jpg,101,No
https://top-5-pct.replit.app/custom-apparel/printing-options/dye-sublimation-printing,404,https://top-5-pct.replit.app/images/stickers-decals/top5pct-stickers-decals-joliet-labels.jpg,101,No
https://top-5-pct.replit.app/custom-apparel/printing-options/dye-sublimation-printing,404,https://top-5-pct.replit.app/images/custom-shirts/top5pct-custom-embroidery-shops-near-me-joliet.jpg,101,No
https://top-5-pct.replit.app/custom-apparel/printing-options/screen-printing,404,https://top-5-pct.replit.app/images/stickers-decals/top5pct-stickers-decals-joliet-labels.jpg,101,No
https://top-5-pct.replit.app/custom-apparel/printing-options/screen-printing,404,https://top-5-pct.replit.app/images/custom-shirts/top5pct-custom-embroidery-shops-near-me-joliet.jpg,101,No
https://top-5-pct.replit.app/custom-apparel/printing-options/embroidery,404,https://top-5-pct.replit.app/images/stickers-decals/top5pct-stickers-decals-joliet-labels.jpg,101,No
https://top-5-pct.replit.app/custom-apparel/printing-options/embroidery,404,https://top-5-pct.replit.app/images/custom-shirts/top5pct-custom-embroidery-shops-near-me-joliet.jpg,101,No
https://top-5-pct.replit.app/custom-apparel/printing-options/rhinestone-apparel,404,https://top-5-pct.replit.app/images/stickers-decals/top5pct-stickers-decals-joliet-labels.jpg,101,No
https://top-5-pct.replit.app/custom-apparel/printing-options/rhinestone-apparel,404,https://top-5-pct.replit.app/images/custom-shirts/top5pct-custom-embroidery-shops-near-me-joliet.jpg,101,No
https://top-5-pct.replit.app/custom-apparel/specialty-materials/glitter-shirts,404,https://top-5-pct.replit.app/images/stickers-decals/top5pct-stickers-decals-joliet-labels.jpg,101,No
https://top-5-pct.replit.app/custom-apparel/specialty-materials/glitter-shirts,404,https://top-5-pct.replit.app/images/custom-shirts/top5pct-custom-embroidery-shops-near-me-joliet.jpg,101,No
https://top-5-pct.replit.app/custom-apparel/printing-options/digital-vinyl,404,https://top-5-pct.replit.app/images/stickers-decals/top5pct-stickers-decals-joliet-labels.jpg,101,No
https://top-5-pct.replit.app/custom-apparel/printing-options/digital-vinyl,404,https://top-5-pct.replit.app/images/custom-shirts/top5pct-custom-embroidery-shops-near-me-joliet.jpg,101,No
https://top-5-pct.replit.app/custom-apparel/specialty-materials/puff-shirts,404,https://top-5-pct.replit.app/images/stickers-decals/top5pct-stickers-decals-joliet-labels.jpg,101,No
https://top-5-pct.replit.app/custom-apparel/specialty-materials/puff-shirts,404,https://top-5-pct.replit.app/images/custom-shirts/top5pct-custom-embroidery-shops-near-me-joliet.jpg,101,No
https://top-5-pct.replit.app/custom-apparel/specialty-materials/glow-in-the-dark-shirts,404,https://top-5-pct.replit.app/images/stickers-decals/top5pct-stickers-decals-joliet-labels.jpg,101,No
https://top-5-pct.replit.app/custom-apparel/specialty-materials/glow-in-the-dark-shirts,404,https://top-5-pct.replit.app/images/custom-shirts/top5pct-custom-embroidery-shops-near-me-joliet.jpg,101,No
https://top-5-pct.replit.app/custom-apparel/specialty-materials/flock-shirts,404,https://top-5-pct.replit.app/images/stickers-decals/top5pct-stickers-decals-joliet-labels.jpg,101,No
https://top-5-pct.replit.app/custom-apparel/specialty-materials/flock-shirts,404,https://top-5-pct.replit.app/images/custom-shirts/top5pct-custom-embroidery-shops-near-me-joliet.jpg,101,No
https://top-5-pct.replit.app/custom-apparel/specialty-materials/brick-shirts,404,https://top-5-pct.replit.app/images/stickers-decals/top5pct-stickers-decals-joliet-labels.jpg,101,No
https://top-5-pct.replit.app/custom-apparel/specialty-materials/brick-shirts,404,https://top-5-pct.replit.app/images/custom-shirts/top5pct-custom-embroidery-shops-near-me-joliet.jpg,101,No
https://top-5-pct.replit.app/custom-apparel/specialty-materials/holographic-shirts,404,https://top-5-pct.replit.app/images/stickers-decals/top5pct-stickers-decals-joliet-labels.jpg,101,No
https://top-5-pct.replit.app/custom-apparel/specialty-materials/holographic-shirts,404,https://top-5-pct.replit.app/images/custom-shirts/top5pct-custom-embroidery-shops-near-me-joliet.jpg,101,No
https://top-5-pct.replit.app/custom-apparel/specialty-materials/foil-shirts,404,https://top-5-pct.replit.app/images/stickers-decals/top5pct-stickers-decals-joliet-labels.jpg,101,No
https://top-5-pct.replit.app/custom-apparel/specialty-materials/foil-shirts,404,https://top-5-pct.replit.app/images/custom-shirts/top5pct-custom-embroidery-shops-near-me-joliet.jpg,101,No
https://top-5-pct.replit.app/custom-apparel/specialty-materials/reflective-shirts,404,https://top-5-pct.replit.app/images/stickers-decals/top5pct-stickers-decals-joliet-labels.jpg,101,No
https://top-5-pct.replit.app/custom-apparel/specialty-materials/reflective-shirts,404,https://top-5-pct.replit.app/images/custom-shirts/top5pct-custom-embroidery-shops-near-me-joliet.jpg,101,No
https://top-5-pct.replit.app/custom-apparel/specialty-materials/vinyl,404,https://top-5-pct.replit.app/images/stickers-decals/top5pct-stickers-decals-joliet-labels.jpg,101,No
https://top-5-pct.replit.app/custom-apparel/specialty-materials/vinyl,404,https://top-5-pct.replit.app/images/custom-shirts/top5pct-custom-embroidery-shops-near-me-joliet.jpg,101,No
https://top-5-pct.replit.app/custom-apparel/group-wear/reunion-shirts,404,https://top-5-pct.replit.app/images/stickers-decals/top5pct-stickers-decals-joliet-labels.jpg,101,No
https://top-5-pct.replit.app/custom-apparel/group-wear/reunion-shirts,404,https://top-5-pct.replit.app/images/custom-shirts/top5pct-custom-embroidery-shops-near-me-joliet.jpg,101,No
https://top-5-pct.replit.app/custom-apparel/group-wear/spirit-wear-shirts,404,https://top-5-pct.replit.app/images/stickers-decals/top5pct-stickers-decals-joliet-labels.jpg,101,No
https://top-5-pct.replit.app/custom-apparel/group-wear/spirit-wear-shirts,404,https://top-5-pct.replit.app/images/custom-shirts/top5pct-custom-embroidery-shops-near-me-joliet.jpg,101,No
https://top-5-pct.replit.app/custom-apparel/group-wear/corporate-wear-shirts,404,https://top-5-pct.replit.app/images/stickers-decals/top5pct-stickers-decals-joliet-labels.jpg,101,No
https://top-5-pct.replit.app/custom-apparel/group-wear/corporate-wear-shirts,404,https://top-5-pct.replit.app/images/custom-shirts/top5pct-custom-embroidery-shops-near-me-joliet.jpg,101,No
https://top-5-pct.replit.app/signs,404,https://top-5-pct.replit.app/images/stickers-decals/top5pct-stickers-decals-joliet-labels.jpg,101,No
https://top-5-pct.replit.app/signs,404,https://top-5-pct.replit.app/images/custom-shirts/top5pct-custom-embroidery-shops-near-me-joliet.jpg,101,No
https://top-5-pct.replit.app/signs/business-signs/banners,404,https://top-5-pct.replit.app/images/stickers-decals/top5pct-stickers-decals-joliet-labels.jpg,101,No
https://top-5-pct.replit.app/signs/business-signs/banners,404,https://top-5-pct.replit.app/images/custom-shirts/top5pct-custom-embroidery-shops-near-me-joliet.jpg,101,No
https://top-5-pct.replit.app/signs/business-signs/window-signs,404,https://top-5-pct.replit.app/images/stickers-decals/top5pct-stickers-decals-joliet-labels.jpg,101,No
https://top-5-pct.replit.app/signs/business-signs/window-signs,404,https://top-5-pct.replit.app/images/custom-shirts/top5pct-custom-embroidery-shops-near-me-joliet.jpg,101,No
https://top-5-pct.replit.app/signs/business-signs/wall-signs,404,https://top-5-pct.replit.app/images/stickers-decals/top5pct-stickers-decals-joliet-labels.jpg,101,No
https://top-5-pct.replit.app/signs/business-signs/wall-signs,404,https://top-5-pct.replit.app/images/custom-shirts/top5pct-custom-embroidery-shops-near-me-joliet.jpg,101,No
https://top-5-pct.replit.app/signs/business-signs/floor-signs,404,https://top-5-pct.replit.app/images/stickers-decals/top5pct-stickers-decals-joliet-labels.jpg,101,No
https://top-5-pct.replit.app/signs/business-signs/floor-signs,404,https://top-5-pct.replit.app/images/custom-shirts/top5pct-custom-embroidery-shops-near-me-joliet.jpg,101,No
https://top-5-pct.replit.app/signs/business-signs/door-signs,404,https://top-5-pct.replit.app/images/stickers-decals/top5pct-stickers-decals-joliet-labels.jpg,101,No
https://top-5-pct.replit.app/signs/business-signs/door-signs,404,https://top-5-pct.replit.app/images/custom-shirts/top5pct-custom-embroidery-shops-near-me-joliet.jpg,101,No
https://top-5-pct.replit.app/signs/ground-signs/yard-signs,404,https://top-5-pct.replit.app/images/stickers-decals/top5pct-stickers-decals-joliet-labels.jpg,101,No
https://top-5-pct.replit.app/signs/ground-signs/yard-signs,404,https://top-5-pct.replit.app/images/custom-shirts/top5pct-custom-embroidery-shops-near-me-joliet.jpg,101,No
https://top-5-pct.replit.app/signs/business-signs/posters,404,https://top-5-pct.replit.app/images/stickers-decals/top5pct-stickers-decals-joliet-labels.jpg,101,No
https://top-5-pct.replit.app/signs/business-signs/posters,404,https://top-5-pct.replit.app/images/custom-shirts/top5pct-custom-embroidery-shops-near-me-joliet.jpg,101,No
https://top-5-pct.replit.app/signs/ground-signs/sidewalk-signs,404,https://top-5-pct.replit.app/images/stickers-decals/top5pct-stickers-decals-joliet-labels.jpg,101,No
https://top-5-pct.replit.app/signs/ground-signs/sidewalk-signs,404,https://top-5-pct.replit.app/images/custom-shirts/top5pct-custom-embroidery-shops-near-me-joliet.jpg,101,No
https://top-5-pct.replit.app/signs/ground-signs/sidewalk-signs-a-frame-signs,404,https://top-5-pct.replit.app/images/stickers-decals/top5pct-stickers-decals-joliet-labels.jpg,101,No
https://top-5-pct.replit.app/signs/ground-signs/sidewalk-signs-a-frame-signs,404,https://top-5-pct.replit.app/images/custom-shirts/top5pct-custom-embroidery-shops-near-me-joliet.jpg,101,No
https://top-5-pct.replit.app/signs/table-signs/table-cloths,404,https://top-5-pct.replit.app/images/stickers-decals/top5pct-stickers-decals-joliet-labels.jpg,101,No
https://top-5-pct.replit.app/signs/table-signs/table-cloths,404,https://top-5-pct.replit.app/images/custom-shirts/top5pct-custom-embroidery-shops-near-me-joliet.jpg,101,No
https://top-5-pct.replit.app/signs/table-signs/table-runners,404,https://top-5-pct.replit.app/images/stickers-decals/top5pct-stickers-decals-joliet-labels.jpg,101,No
https://top-5-pct.replit.app/signs/table-signs/table-runners,404,https://top-5-pct.replit.app/images/custom-shirts/top5pct-custom-embroidery-shops-near-me-joliet.jpg,101,No
https://top-5-pct.replit.app/stickers,404,https://top-5-pct.replit.app/images/stickers-decals/top5pct-stickers-decals-joliet-labels.jpg,101,No
https://top-5-pct.replit.app/stickers,404,https://top-5-pct.replit.app/images/custom-shirts/top5pct-custom-embroidery-shops-near-me-joliet.jpg,101,No
https://top-5-pct.replit.app/stickers/standard-stickers-decals,404,https://top-5-pct.replit.app/images/stickers-decals/top5pct-stickers-decals-joliet-labels.jpg,101,No
https://top-5-pct.replit.app/stickers/standard-stickers-decals,404,https://top-5-pct.replit.app/images/custom-shirts/top5pct-custom-embroidery-shops-near-me-joliet.jpg,101,No
https://top-5-pct.replit.app/stickers/custom-shaped-stickers-decals,404,https://top-5-pct.replit.app/images/stickers-decals/top5pct-stickers-decals-joliet-labels.jpg,101,No
https://top-5-pct.replit.app/stickers/custom-shaped-stickers-decals,404,https://top-5-pct.replit.app/images/custom-shirts/top5pct-custom-embroidery-shops-near-me-joliet.jpg,101,No
https://top-5-pct.replit.app/vehicle-graphics/automobile-graphics,404,https://top-5-pct.replit.app/images/stickers-decals/top5pct-stickers-decals-joliet-labels.jpg,101,No
https://top-5-pct.replit.app/vehicle-graphics/automobile-graphics,404,https://top-5-pct.replit.app/images/custom-shirts/top5pct-custom-embroidery-shops-near-me-joliet.jpg,101,No
https://top-5-pct.replit.app/vehicle-graphics,404,https://top-5-pct.replit.app/images/stickers-decals/top5pct-stickers-decals-joliet-labels.jpg,101,No
https://top-5-pct.replit.app/vehicle-graphics,404,https://top-5-pct.replit.app/images/custom-shirts/top5pct-custom-embroidery-shops-near-me-joliet.jpg,101,No
https://top-5-pct.replit.app/vehicle-graphics/vehicle-magnets,404,https://top-5-pct.replit.app/images/stickers-decals/top5pct-stickers-decals-joliet-labels.jpg,101,No
https://top-5-pct.replit.app/vehicle-graphics/vehicle-magnets,404,https://top-5-pct.replit.app/images/custom-shirts/top5pct-custom-embroidery-shops-near-me-joliet.jpg,101,No
https://top-5-pct.replit.app/promotional-items,404,https://top-5-pct.replit.app/images/stickers-decals/top5pct-stickers-decals-joliet-labels.jpg,101,No
https://top-5-pct.replit.app/promotional-items,404,https://top-5-pct.replit.app/images/custom-shirts/top5pct-custom-embroidery-shops-near-me-joliet.jpg,101,No
https://top-5-pct.replit.app/vehicle-graphics/dot-decals,404,https://top-5-pct.replit.app/images/stickers-decals/top5pct-stickers-decals-joliet-labels.jpg,101,No
https://top-5-pct.replit.app/vehicle-graphics/dot-decals,404,https://top-5-pct.replit.app/images/custom-shirts/top5pct-custom-embroidery-shops-near-me-joliet.jpg,101,No
https://top-5-pct.replit.app/promotional-items/mugs,404,https://top-5-pct.replit.app/images/stickers-decals/top5pct-stickers-decals-joliet-labels.jpg,101,No
https://top-5-pct.replit.app/promotional-items/mugs,404,https://top-5-pct.replit.app/images/custom-shirts/top5pct-custom-embroidery-shops-near-me-joliet.jpg,101,No
https://top-5-pct.replit.app/promotional-items/towels,404,https://top-5-pct.replit.app/images/stickers-decals/top5pct-stickers-decals-joliet-labels.jpg,101,No
https://top-5-pct.replit.app/promotional-items/towels,404,https://top-5-pct.replit.app/images/custom-shirts/top5pct-custom-embroidery-shops-near-me-joliet.jpg,101,No
https://top-5-pct.replit.app/promotional-items/towels,404,https://top-5-pct.replit.app/images/custom-shirts/top5pct-custom-glitter-shirt-cap-hoodie-joliet.jpg,101,No
https://top-5-pct.replit.app/promotional-items/can-koozies,404,https://top-5-pct.replit.app/images/stickers-decals/top5pct-stickers-decals-joliet-labels.jpg,101,No
https://top-5-pct.replit.app/promotional-items/can-koozies,404,https://top-5-pct.replit.app/images/custom-shirts/top5pct-custom-embroidery-shops-near-me-joliet.jpg,101,No
https://top-5-pct.replit.app/promotional-items/drink-coasters,404,https://top-5-pct.replit.app/images/stickers-decals/top5pct-stickers-decals-joliet-labels.jpg,101,No
https://top-5-pct.replit.app/promotional-items/drink-coasters,404,https://top-5-pct.replit.app/images/custom-shirts/top5pct-custom-embroidery-shops-near-me-joliet.jpg,101,No
https://top-5-pct.replit.app/promotional-items/drink-coasters,404,https://top-5-pct.replit.app/images/custom-shirts/top5pct-custom-glitter-shirt-cap-hoodie-joliet.jpg,101,No
https://top-5-pct.replit.app/promotional-items/tote-bags,404,https://top-5-pct.replit.app/images/stickers-decals/top5pct-stickers-decals-joliet-labels.jpg,101,No
https://top-5-pct.replit.app/promotional-items/tote-bags,404,https://top-5-pct.replit.app/images/custom-shirts/top5pct-custom-embroidery-shops-near-me-joliet.jpg,101,No
https://top-5-pct.replit.app/promotional-items/mouse-pads,404,https://top-5-pct.replit.app/images/stickers-decals/top5pct-stickers-decals-joliet-labels.jpg,101,No
https://top-5-pct.replit.app/promotional-items/mouse-pads,404,https://top-5-pct.replit.app/images/custom-shirts/top5pct-custom-embroidery-shops-near-me-joliet.jpg,101,No
https://top-5-pct.replit.app/design-services,404,https://top-5-pct.replit.app/images/stickers-decals/top5pct-stickers-decals-joliet-labels.jpg,101,No
https://top-5-pct.replit.app/design-services,404,https://top-5-pct.replit.app/images/custom-shirts/top5pct-custom-embroidery-shops-near-me-joliet.jpg,101,No
https://top-5-pct.replit.app/design-services/logo-design,404,https://top-5-pct.replit.app/images/stickers-decals/top5pct-stickers-decals-joliet-labels.jpg,101,No
https://top-5-pct.replit.app/design-services/logo-design,404,https://top-5-pct.replit.app/images/custom-shirts/top5pct-custom-embroidery-shops-near-me-joliet.jpg,101,No
https://top-5-pct.replit.app/design-services/graphic-design,404,https://top-5-pct.replit.app/images/stickers-decals/top5pct-stickers-decals-joliet-labels.jpg,101,No
https://top-5-pct.replit.app/design-services/graphic-design,404,https://top-5-pct.replit.app/images/custom-shirts/top5pct-custom-embroidery-shops-near-me-joliet.jpg,101,No
https://top-5-pct.replit.app/about-us,404,https://top-5-pct.replit.app/images/stickers-decals/top5pct-stickers-decals-joliet-labels.jpg,101,No
https://top-5-pct.replit.app/about-us,404,https://top-5-pct.replit.app/images/custom-shirts/top5pct-custom-embroidery-shops-near-me-joliet.jpg,101,No
https://top-5-pct.replit.app/portfolio,404,https://top-5-pct.replit.app/images/stickers-decals/top5pct-stickers-decals-joliet-labels.jpg,101,No
https://top-5-pct.replit.app/portfolio,404,https://top-5-pct.replit.app/images/custom-shirts/top5pct-custom-embroidery-shops-near-me-joliet.jpg,101,No
https://top-5-pct.replit.app/contact,404,https://top-5-pct.replit.app/images/stickers-decals/top5pct-stickers-decals-joliet-labels.jpg,97,No
https://top-5-pct.replit.app/contact,404,https://top-5-pct.replit.app/images/custom-shirts/top5pct-custom-embroidery-shops-near-me-joliet.jpg,97,No
https://top-5-pct.replit.app/articles,404,https://top-5-pct.replit.app/images/stickers-decals/top5pct-stickers-decals-joliet-labels.jpg,101,No
https://top-5-pct.replit.app/articles,404,https://top-5-pct.replit.app/images/custom-shirts/top5pct-custom-embroidery-shops-near-me-joliet.jpg,101,No
https://top-5-pct.replit.app/articles,404,https://top-5-pct.replit.app/images/stickers-decals/top5pct-article-buy-stickers-decals-joliet.jpg,101,No
https://top-5-pct.replit.app/articles,404,https://top-5-pct.replit.app/images/corporate-wear/toptpct-article-corporate-wear-pic1.jpg,101,No
https://top-5-pct.replit.app/design-services/custom-storefronts,404,https://top-5-pct.replit.app/images/stickers-decals/top5pct-stickers-decals-joliet-labels.jpg,97,No
https://top-5-pct.replit.app/design-services/custom-storefronts,404,https://top-5-pct.replit.app/images/custom-shirts/top5pct-custom-embroidery-shops-near-me-joliet.jpg,97,No
https://top-5-pct.replit.app/service-areas/aurora-il,404,https://top-5-pct.replit.app/images/stickers-decals/top5pct-stickers-decals-joliet-labels.jpg,97,No
https://top-5-pct.replit.app/service-areas/aurora-il,404,https://top-5-pct.replit.app/images/custom-shirts/top5pct-custom-embroidery-shops-near-me-joliet.jpg,97,No
https://top-5-pct.replit.app/service-areas/joliet-il,404,https://top-5-pct.replit.app/images/stickers-decals/top5pct-stickers-decals-joliet-labels.jpg,97,No
https://top-5-pct.replit.app/service-areas/joliet-il,404,https://top-5-pct.replit.app/images/custom-shirts/top5pct-custom-embroidery-shops-near-me-joliet.jpg,97,No
https://top-5-pct.replit.app/service-areas/bloomington-il,404,https://top-5-pct.replit.app/images/stickers-decals/top5pct-stickers-decals-joliet-labels.jpg,97,No
https://top-5-pct.replit.app/service-areas/bloomington-il,404,https://top-5-pct.replit.app/images/custom-shirts/top5pct-custom-embroidery-shops-near-me-joliet.jpg,97,No
https://top-5-pct.replit.app/service-areas/bolingbrook-il,404,https://top-5-pct.replit.app/images/stickers-decals/top5pct-stickers-decals-joliet-labels.jpg,97,No
https://top-5-pct.replit.app/service-areas/bolingbrook-il,404,https://top-5-pct.replit.app/images/custom-shirts/top5pct-custom-embroidery-shops-near-me-joliet.jpg,97,No
https://top-5-pct.replit.app/service-areas/bonnie-brae-il,404,https://top-5-pct.replit.app/images/stickers-decals/top5pct-stickers-decals-joliet-labels.jpg,97,No
https://top-5-pct.replit.app/service-areas/bonnie-brae-il,404,https://top-5-pct.replit.app/images/custom-shirts/top5pct-custom-embroidery-shops-near-me-joliet.jpg,97,No
https://top-5-pct.replit.app/service-areas/bourbonnais-il,404,https://top-5-pct.replit.app/images/stickers-decals/top5pct-stickers-decals-joliet-labels.jpg,97,No
https://top-5-pct.replit.app/service-areas/bourbonnais-il,404,https://top-5-pct.replit.app/images/custom-shirts/top5pct-custom-embroidery-shops-near-me-joliet.jpg,97,No
https://top-5-pct.replit.app/service-areas/chicago-il,404,https://top-5-pct.replit.app/images/stickers-decals/top5pct-stickers-decals-joliet-labels.jpg,97,No
https://top-5-pct.replit.app/service-areas/chicago-il,404,https://top-5-pct.replit.app/images/custom-shirts/top5pct-custom-embroidery-shops-near-me-joliet.jpg,97,No
https://top-5-pct.replit.app/service-areas/channahon-il,404,https://top-5-pct.replit.app/images/stickers-decals/top5pct-stickers-decals-joliet-labels.jpg,97,No
https://top-5-pct.replit.app/service-areas/channahon-il,404,https://top-5-pct.replit.app/images/custom-shirts/top5pct-custom-embroidery-shops-near-me-joliet.jpg,97,No
https://top-5-pct.replit.app/service-areas/crest-hill-il,404,https://top-5-pct.replit.app/images/stickers-decals/top5pct-stickers-decals-joliet-labels.jpg,97,No
https://top-5-pct.replit.app/service-areas/crest-hill-il,404,https://top-5-pct.replit.app/images/custom-shirts/top5pct-custom-embroidery-shops-near-me-joliet.jpg,97,No
https://top-5-pct.replit.app/service-areas/dekalb-il,404,https://top-5-pct.replit.app/images/stickers-decals/top5pct-stickers-decals-joliet-labels.jpg,97,No
https://top-5-pct.replit.app/service-areas/dekalb-il,404,https://top-5-pct.replit.app/images/custom-shirts/top5pct-custom-embroidery-shops-near-me-joliet.jpg,97,No
https://top-5-pct.replit.app/service-areas/downers-grove-il,404,https://top-5-pct.replit.app/images/stickers-decals/top5pct-stickers-decals-joliet-labels.jpg,97,No
https://top-5-pct.replit.app/service-areas/downers-grove-il,404,https://top-5-pct.replit.app/images/custom-shirts/top5pct-custom-embroidery-shops-near-me-joliet.jpg,97,No
https://top-5-pct.replit.app/service-areas/elwood-il,404,https://top-5-pct.replit.app/images/stickers-decals/top5pct-stickers-decals-joliet-labels.jpg,97,No
https://top-5-pct.replit.app/service-areas/elwood-il,404,https://top-5-pct.replit.app/images/custom-shirts/top5pct-custom-embroidery-shops-near-me-joliet.jpg,97,No
https://top-5-pct.replit.app/service-areas/elgin-il,404,https://top-5-pct.replit.app/images/stickers-decals/top5pct-stickers-decals-joliet-labels.jpg,97,No
https://top-5-pct.replit.app/service-areas/elgin-il,404,https://top-5-pct.replit.app/images/custom-shirts/top5pct-custom-embroidery-shops-near-me-joliet.jpg,97,No
https://top-5-pct.replit.app/service-areas/fairmont-il,404,https://top-5-pct.replit.app/images/stickers-decals/top5pct-stickers-decals-joliet-labels.jpg,97,No
https://top-5-pct.replit.app/service-areas/fairmont-il,404,https://top-5-pct.replit.app/images/custom-shirts/top5pct-custom-embroidery-shops-near-me-joliet.jpg,97,No
https://top-5-pct.replit.app/service-areas/evanston-il,404,https://top-5-pct.replit.app/images/stickers-decals/top5pct-stickers-decals-joliet-labels.jpg,97,No
https://top-5-pct.replit.app/service-areas/evanston-il,404,https://top-5-pct.replit.app/images/custom-shirts/top5pct-custom-embroidery-shops-near-me-joliet.jpg,97,No
https://top-5-pct.replit.app/service-areas/frankfort-il,404,https://top-5-pct.replit.app/images/stickers-decals/top5pct-stickers-decals-joliet-labels.jpg,97,No
https://top-5-pct.replit.app/service-areas/frankfort-il,404,https://top-5-pct.replit.app/images/custom-shirts/top5pct-custom-embroidery-shops-near-me-joliet.jpg,97,No
https://top-5-pct.replit.app/service-areas/homer-glen-il,404,https://top-5-pct.replit.app/images/stickers-decals/top5pct-stickers-decals-joliet-labels.jpg,97,No
https://top-5-pct.replit.app/service-areas/homer-glen-il,404,https://top-5-pct.replit.app/images/custom-shirts/top5pct-custom-embroidery-shops-near-me-joliet.jpg,97,No
https://top-5-pct.replit.app/service-areas/kankakee-il,404,https://top-5-pct.replit.app/images/stickers-decals/top5pct-stickers-decals-joliet-labels.jpg,97,No
https://top-5-pct.replit.app/service-areas/kankakee-il,404,https://top-5-pct.replit.app/images/custom-shirts/top5pct-custom-embroidery-shops-near-me-joliet.jpg,97,No
https://top-5-pct.replit.app/service-areas/lockport-il,404,https://top-5-pct.replit.app/images/stickers-decals/top5pct-stickers-decals-joliet-labels.jpg,97,No
https://top-5-pct.replit.app/service-areas/lockport-il,404,https://top-5-pct.replit.app/images/custom-shirts/top5pct-custom-embroidery-shops-near-me-joliet.jpg,97,No
https://top-5-pct.replit.app/service-areas/logan-square-il,404,https://top-5-pct.replit.app/images/stickers-decals/top5pct-stickers-decals-joliet-labels.jpg,97,No
https://top-5-pct.replit.app/service-areas/logan-square-il,404,https://top-5-pct.replit.app/images/custom-shirts/top5pct-custom-embroidery-shops-near-me-joliet.jpg,97,No
https://top-5-pct.replit.app/service-areas/lockport-heights-il,404,https://top-5-pct.replit.app/images/stickers-decals/top5pct-stickers-decals-joliet-labels.jpg,97,No
https://top-5-pct.replit.app/service-areas/lockport-heights-il,404,https://top-5-pct.replit.app/images/custom-shirts/top5pct-custom-embroidery-shops-near-me-joliet.jpg,97,No
https://top-5-pct.replit.app/service-areas/mokena-il,404,https://top-5-pct.replit.app/images/stickers-decals/top5pct-stickers-decals-joliet-labels.jpg,97,No
https://top-5-pct.replit.app/service-areas/mokena-il,404,https://top-5-pct.replit.app/images/custom-shirts/top5pct-custom-embroidery-shops-near-me-joliet.jpg,97,No
https://top-5-pct.replit.app/service-areas/morris-il,404,https://top-5-pct.replit.app/images/stickers-decals/top5pct-stickers-decals-joliet-labels.jpg,97,No
https://top-5-pct.replit.app/service-areas/morris-il,404,https://top-5-pct.replit.app/images/custom-shirts/top5pct-custom-embroidery-shops-near-me-joliet.jpg,97,No
https://top-5-pct.replit.app/service-areas/naperville-il,404,https://top-5-pct.replit.app/images/stickers-decals/top5pct-stickers-decals-joliet-labels.jpg,97,No
https://top-5-pct.replit.app/service-areas/naperville-il,404,https://top-5-pct.replit.app/images/custom-shirts/top5pct-custom-embroidery-shops-near-me-joliet.jpg,97,No
https://top-5-pct.replit.app/service-areas/new-lenox-il,404,https://top-5-pct.replit.app/images/stickers-decals/top5pct-stickers-decals-joliet-labels.jpg,97,No
https://top-5-pct.replit.app/service-areas/new-lenox-il,404,https://top-5-pct.replit.app/images/custom-shirts/top5pct-custom-embroidery-shops-near-me-joliet.jpg,97,No
https://top-5-pct.replit.app/service-areas/oak-brook-il,404,https://top-5-pct.replit.app/images/stickers-decals/top5pct-stickers-decals-joliet-labels.jpg,97,No
https://top-5-pct.replit.app/service-areas/oak-brook-il,404,https://top-5-pct.replit.app/images/custom-shirts/top5pct-custom-embroidery-shops-near-me-joliet.jpg,97,No
https://top-5-pct.replit.app/service-areas/orland-park-il,404,https://top-5-pct.replit.app/images/stickers-decals/top5pct-stickers-decals-joliet-labels.jpg,97,No
https://top-5-pct.replit.app/service-areas/orland-park-il,404,https://top-5-pct.replit.app/images/custom-shirts/top5pct-custom-embroidery-shops-near-me-joliet.jpg,97,No
https://top-5-pct.replit.app/service-areas/ottawa-il,404,https://top-5-pct.replit.app/images/stickers-decals/top5pct-stickers-decals-joliet-labels.jpg,97,No
https://top-5-pct.replit.app/service-areas/ottawa-il,404,https://top-5-pct.replit.app/images/custom-shirts/top5pct-custom-embroidery-shops-near-me-joliet.jpg,97,No
https://top-5-pct.replit.app/service-areas/oswego-il,404,https://top-5-pct.replit.app/images/stickers-decals/top5pct-stickers-decals-joliet-labels.jpg,97,No
https://top-5-pct.replit.app/service-areas/oswego-il,404,https://top-5-pct.replit.app/images/custom-shirts/top5pct-custom-embroidery-shops-near-me-joliet.jpg,97,No
https://top-5-pct.replit.app/service-areas/peoria-il,404,https://top-5-pct.replit.app/images/stickers-decals/top5pct-stickers-decals-joliet-labels.jpg,97,No
https://top-5-pct.replit.app/service-areas/peoria-il,404,https://top-5-pct.replit.app/images/custom-shirts/top5pct-custom-embroidery-shops-near-me-joliet.jpg,97,No
https://top-5-pct.replit.app/service-areas/plainfield-il,404,https://top-5-pct.replit.app/images/stickers-decals/top5pct-stickers-decals-joliet-labels.jpg,97,No
https://top-5-pct.replit.app/service-areas/plainfield-il,404,https://top-5-pct.replit.app/images/custom-shirts/top5pct-custom-embroidery-shops-near-me-joliet.jpg,97,No
https://top-5-pct.replit.app/service-areas/preston-heights-il,404,https://top-5-pct.replit.app/images/stickers-decals/top5pct-stickers-decals-joliet-labels.jpg,97,No
https://top-5-pct.replit.app/service-areas/preston-heights-il,404,https://top-5-pct.replit.app/images/custom-shirts/top5pct-custom-embroidery-shops-near-me-joliet.jpg,97,No
https://top-5-pct.replit.app/service-areas/ridgewood-il,404,https://top-5-pct.replit.app/images/stickers-decals/top5pct-stickers-decals-joliet-labels.jpg,97,No
https://top-5-pct.replit.app/service-areas/ridgewood-il,404,https://top-5-pct.replit.app/images/custom-shirts/top5pct-custom-embroidery-shops-near-me-joliet.jpg,97,No
https://top-5-pct.replit.app/service-areas/rockdale-il,404,https://top-5-pct.replit.app/images/stickers-decals/top5pct-stickers-decals-joliet-labels.jpg,97,No
https://top-5-pct.replit.app/service-areas/rockdale-il,404,https://top-5-pct.replit.app/images/custom-shirts/top5pct-custom-embroidery-shops-near-me-joliet.jpg,97,No
https://top-5-pct.replit.app/service-areas/rockford-il,404,https://top-5-pct.replit.app/images/stickers-decals/top5pct-stickers-decals-joliet-labels.jpg,97,No
https://top-5-pct.replit.app/service-areas/rockford-il,404,https://top-5-pct.replit.app/images/custom-shirts/top5pct-custom-embroidery-shops-near-me-joliet.jpg,97,No
https://top-5-pct.replit.app/service-areas/romeoville-il,404,https://top-5-pct.replit.app/images/stickers-decals/top5pct-stickers-decals-joliet-labels.jpg,97,No
https://top-5-pct.replit.app/service-areas/romeoville-il,404,https://top-5-pct.replit.app/images/custom-shirts/top5pct-custom-embroidery-shops-near-me-joliet.jpg,97,No
https://top-5-pct.replit.app/service-areas/schaumburg-il,404,https://top-5-pct.replit.app/images/stickers-decals/top5pct-stickers-decals-joliet-labels.jpg,97,No
https://top-5-pct.replit.app/service-areas/schaumburg-il,404,https://top-5-pct.replit.app/images/custom-shirts/top5pct-custom-embroidery-shops-near-me-joliet.jpg,97,No
https://top-5-pct.replit.app/service-areas/shorewood-il,404,https://top-5-pct.replit.app/images/stickers-decals/top5pct-stickers-decals-joliet-labels.jpg,97,No
https://top-5-pct.replit.app/service-areas/shorewood-il,404,https://top-5-pct.replit.app/images/custom-shirts/top5pct-custom-embroidery-shops-near-me-joliet.jpg,97,No
https://top-5-pct.replit.app/service-areas/st-charles-il,404,https://top-5-pct.replit.app/images/stickers-decals/top5pct-stickers-decals-joliet-labels.jpg,97,No
https://top-5-pct.replit.app/service-areas/st-charles-il,404,https://top-5-pct.replit.app/images/custom-shirts/top5pct-custom-embroidery-shops-near-me-joliet.jpg,97,No
https://top-5-pct.replit.app/service-areas/tinley-park-il,404,https://top-5-pct.replit.app/images/stickers-decals/top5pct-stickers-decals-joliet-labels.jpg,97,No
https://top-5-pct.replit.app/service-areas/tinley-park-il,404,https://top-5-pct.replit.app/images/custom-shirts/top5pct-custom-embroidery-shops-near-me-joliet.jpg,97,No
https://top-5-pct.replit.app/service-areas/yorkville-il,404,https://top-5-pct.replit.app/images/stickers-decals/top5pct-stickers-decals-joliet-labels.jpg,97,No
https://top-5-pct.replit.app/service-areas/yorkville-il,404,https://top-5-pct.replit.app/images/custom-shirts/top5pct-custom-embroidery-shops-near-me-joliet.jpg,97,No
https://top-5-pct.replit.app/privacy-policy,404,https://top-5-pct.replit.app/images/stickers-decals/top5pct-stickers-decals-joliet-labels.jpg,101,No
https://top-5-pct.replit.app/privacy-policy,404,https://top-5-pct.replit.app/images/custom-shirts/top5pct-custom-embroidery-shops-near-me-joliet.jpg,101,No
https://top-5-pct.replit.app/terms-of-use,404,https://top-5-pct.replit.app/images/stickers-decals/top5pct-stickers-decals-joliet-labels.jpg,101,No
https://top-5-pct.replit.app/terms-of-use,404,https://top-5-pct.replit.app/images/custom-shirts/top5pct-custom-embroidery-shops-near-me-joliet.jpg,101,No
